cran_package,num_conflicts,conflict_type,refined_type,official_url,conflict_url,stars,language,topics,created_at,pushed_at,forks_count,open_issues_count,description,scraped_at_utc,name_length,word_count,name_freq_score
ggplot2,6,official,nan,https://github.com/tidyverse/ggplot2,https://github.com/tidyverse/ggplot2,6752,R,"data-visualisation, r, visualisation",2008-05-25T01:21:32Z,2025-08-04T08:02:55Z,2093,105,An implementation of the Grammar of Graphics in R,2025-08-12T15:56:20.652734+00:00,7,1,-20.72326583694641
ggplot2,6,accidental,accidental,https://github.com/tidyverse/ggplot2,https://github.com/clayford/ggplot2,3,R,,2015-05-13T21:06:23Z,2021-12-08T14:30:39Z,4,0,"Files for UVA StatLab workshop, Fall 2016.",2025-08-12T15:56:20.652734+00:00,7,1,-20.72326583694641
ggplot2,6,accidental,personal_mirror,https://github.com/tidyverse/ggplot2,https://github.com/cran/ggplot2,4,R,,2014-03-13T04:52:09Z,2025-04-09T10:43:36Z,3,0,":exclamation: This is a read-only mirror of the CRAN R package repository.  ggplot2 — Create Elegant Data Visualisations Using the Grammar of Graphics. Homepage: https://ggplot2.tidyverse.org, https://github.com/tidyverse/ggplot2  Report bugs for this package: https://github.com/tidyverse/ggplot2/issues",2025-08-12T15:56:20.652734+00:00,7,1,-20.72326583694641
ggplot2,6,accidental,accidental,https://github.com/tidyverse/ggplot2,https://github.com/kirver/ggplot2,2,R,,2022-03-28T16:08:17Z,2022-04-26T18:23:25Z,3,0,Repo to accompany the ggplot2 workshop from Jasper Ridge data management & publishing series. ,2025-08-12T15:56:20.652734+00:00,7,1,-20.72326583694641
rlang,0,none,nan,https://github.com/r-lib/rlang,,0,,,,,0,0,,2025-08-12T15:56:24.335251+00:00,5,1,-20.72326583694641
dplyr,2,official,nan,https://github.com/tidyverse/dplyr,https://github.com/tidyverse/dplyr,4917,R,"data-manipulation, grammar, r",2012-10-28T13:39:17Z,2025-08-01T17:55:06Z,2128,127,dplyr: A grammar of data manipulation,2025-08-12T15:56:31.090221+00:00,5,1,-20.72326583694641
dplyr,2,accidental,personal_mirror,https://github.com/tidyverse/dplyr,https://github.com/cran/dplyr,4,R,,2014-03-13T04:29:34Z,2023-11-17T17:40:23Z,2,0,":exclamation: This is a read-only mirror of the CRAN R package repository.  dplyr — A Grammar of Data Manipulation. Homepage: https://dplyr.tidyverse.org, https://github.com/tidyverse/dplyr  Report bugs for this package: https://github.com/tidyverse/dplyr/issues",2025-08-12T15:56:31.090221+00:00,5,1,-20.72326583694641
cli,200,official,nan,https://github.com/r-lib/cli,https://github.com/r-lib/cli,677,R,"cli, r",2017-04-28T16:10:28Z,2025-06-01T22:00:29Z,73,102,Tools for making beautiful & useful command line interfaces,2025-08-12T15:56:31.673574+00:00,3,1,-12.631112295592574
lifecycle,200,official,nan,https://github.com/r-lib/lifecycle,https://github.com/r-lib/lifecycle,92,R,,2018-12-27T16:31:45Z,2025-07-10T02:32:36Z,24,27,Manage the life cycle of your exported functions and arguments,2025-08-12T15:56:32.063538+00:00,9,1,-12.077507526707317
lifecycle,200,accidental,personal_mirror,https://github.com/r-lib/lifecycle,https://github.com/cran/lifecycle,0,R,,2020-01-27T23:44:00Z,2023-11-07T11:30:26Z,0,0,":exclamation: This is a read-only mirror of the CRAN R package repository.  lifecycle — Manage the Life Cycle of your Package Functions. Homepage: https://lifecycle.r-lib.org/, https://github.com/r-lib/lifecycle  Report bugs for this package: https://github.com/r-lib/lifecycle/issues",2025-08-12T15:56:32.063538+00:00,9,1,-12.077507526707317
tibble,9,official,nan,https://github.com/tidyverse/tibble,https://github.com/tidyverse/tibble,719,R,"r, tidy-data",2015-10-28T23:57:00Z,2025-08-05T05:27:52Z,133,40,A modern re-imagining of the data frame,2025-08-12T15:56:42.495520+00:00,6,1,-17.63677302169612
tibble,9,accidental,personal_mirror,https://github.com/tidyverse/tibble,https://github.com/cran/tibble,0,R,,2016-03-22T23:08:34Z,2025-06-08T13:39:13Z,0,0,":exclamation: This is a read-only mirror of the CRAN R package repository.  tibble — Simple Data Frames. Homepage: https://tibble.tidyverse.org/, https://github.com/tidyverse/tibble  Report bugs for this package: https://github.com/tidyverse/tibble/issues",2025-08-12T15:56:42.495520+00:00,6,1,-17.63677302169612
tibble,9,accidental,clone_or_imitation,https://github.com/tidyverse/tibble,https://github.com/barr3t0m/tibble,0,R,,2018-12-02T00:05:03Z,2018-12-02T00:05:41Z,0,0,,2025-08-12T15:56:42.495520+00:00,6,1,-17.63677302169612
tibble,9,accidental,accidental,https://github.com/tidyverse/tibble,https://github.com/Indie365/tibble,0,R,,2025-05-10T22:58:14Z,2025-05-10T22:59:08Z,0,0,,2025-08-12T15:56:42.495520+00:00,6,1,-17.63677302169612
tibble,9,accidental,clone_or_imitation,https://github.com/tidyverse/tibble,https://github.com/Robertus100/tibble,0,R,,2017-04-03T20:23:15Z,2017-04-03T20:23:28Z,0,0,,2025-08-12T15:56:42.495520+00:00,6,1,-17.63677302169612
glue,200,official,nan,https://github.com/tidyverse/glue,https://github.com/tidyverse/glue,738,R,"r, string-interpolation, strings",2016-12-23T21:07:25Z,2025-08-04T17:13:43Z,63,7,"Glue strings to data in R. Small, fast, dependency free interpreted string literals.",2025-08-12T15:56:42.980395+00:00,4,1,-11.795031696537116
glue,200,accidental,accidental,https://github.com/tidyverse/glue,https://github.com/DSSAT/glue,4,R,,2018-02-04T16:50:51Z,2024-12-06T18:14:08Z,11,0,Generalized Likelihood Uncertainty Analysis for DSSAT cultivar parameter estimation.,2025-08-12T15:56:42.980395+00:00,4,1,-11.795031696537116
glue,200,accidental,accidental,https://github.com/tidyverse/glue,https://github.com/econmaett/glue,0,R,"glue, r",2023-10-03T14:14:03Z,2023-10-04T08:45:54Z,0,0,Embedding R expressions in curly braces,2025-08-12T15:56:42.985254+00:00,4,1,-11.795031696537116
rmarkdown,10,official,nan,https://github.com/rstudio/rmarkdown,https://github.com/rstudio/rmarkdown,2961,R,"literate-programming, markdown, pandoc, r, r-package, rmarkdown",2014-01-22T17:25:19Z,2025-07-18T13:37:09Z,995,269,Dynamic Documents for R,2025-08-12T15:57:13.399892+00:00,9,1,-20.72326583694641
purrr,31,official,nan,https://github.com/tidyverse/purrr,https://github.com/tidyverse/purrr,1332,R,"functional-programming, r",2014-11-29T17:33:40Z,2025-07-10T18:18:15Z,284,42,A functional programming toolkit for R,2025-08-12T15:57:43.069467+00:00,5,1,-16.886148292579854
purrr,31,accidental,accidental,https://github.com/tidyverse/purrr,https://github.com/johngayler/purrr,0,R,,2019-05-05T03:07:31Z,2019-05-05T12:30:03Z,0,0,Practising purrrr,2025-08-12T15:57:43.069467+00:00,5,1,-16.886148292579854
purrr,31,accidental,accidental,https://github.com/tidyverse/purrr,https://github.com/takat0-ch/purrr,0,R,,2024-04-03T14:40:58Z,2024-04-07T14:33:33Z,0,0,,2025-08-12T15:57:43.069467+00:00,5,1,-16.886148292579854
purrr,31,accidental,accidental,https://github.com/tidyverse/purrr,https://github.com/sdevine188/purrr,0,R,,2018-03-04T03:35:12Z,2021-02-15T22:31:20Z,0,0,,2025-08-12T15:57:43.069467+00:00,5,1,-16.886148292579854
purrr,31,accidental,accidental,https://github.com/tidyverse/purrr,https://github.com/drtjc/purrr,0,R,,2018-09-24T20:41:46Z,2018-10-01T18:36:42Z,0,0,purrr learning,2025-08-12T15:57:43.069467+00:00,5,1,-16.886148292579854
R6,0,none,nan,https://github.com/r-lib/R6,,0,,,,,0,0,,2025-08-12T15:57:46.425252+00:00,2,1,-20.72326583694641
withr,7,accidental,clone_or_imitation,https://github.com/r-lib/withr#readme,https://github.com/r-lib/withr,177,R,r,2015-04-21T19:18:28Z,2025-02-25T09:45:15Z,40,24,Methods For Temporarily Modifying Global State,2025-08-12T15:58:02.778463+00:00,5,1,-20.72326583694641
withr,7,accidental,accidental,https://github.com/r-lib/withr#readme,https://github.com/playbooksolitude/withr,0,R,,2023-12-01T01:24:05Z,2024-03-08T00:54:43Z,0,0,,2025-08-12T15:58:02.778463+00:00,5,1,-20.72326583694641
withr,7,accidental,personal_mirror,https://github.com/r-lib/withr#readme,https://github.com/cran/withr,0,R,,2015-12-16T06:10:10Z,2024-10-28T14:32:50Z,0,0,":exclamation: This is a read-only mirror of the CRAN R package repository.  withr — Run Code 'With' Temporarily Modified Global State. Homepage: https://withr.r-lib.org, https://github.com/r-lib/withr#readme  Report bugs for this package: https://github.com/r-lib/withr/issues",2025-08-12T15:58:02.778463+00:00,5,1,-20.72326583694641
magrittr,3,official,nan,https://github.com/tidyverse/magrittr,https://github.com/tidyverse/magrittr,961,R,"pipe, r",2014-01-01T13:30:01Z,2023-03-08T13:37:44Z,159,27,Improve the readability of R code with the pipe,2025-08-12T15:58:24.281505+00:00,8,1,-20.72326583694641
magrittr,3,accidental,personal_mirror,https://github.com/tidyverse/magrittr,https://github.com/cran/magrittr,3,R,,2014-03-13T05:14:18Z,2022-03-30T15:36:48Z,3,0,":exclamation: This is a read-only mirror of the CRAN R package repository.  magrittr — A Forward-Pipe Operator for R. Homepage: https://magrittr.tidyverse.org, https://github.com/tidyverse/magrittr  Report bugs for this package: https://github.com/tidyverse/magrittr/issues",2025-08-12T15:58:24.281505+00:00,8,1,-20.72326583694641
magrittr,3,accidental,clone_or_imitation,https://github.com/tidyverse/magrittr,https://github.com/insightdataintel/magrittr,0,R,,2021-02-10T21:33:52Z,2021-02-11T04:58:49Z,0,0,"Repositório criado manualmente para guardar o pacote ""magrittr"" versão 1.5. Uma vez que não encontrei no github a versão do pacote que utilizamos em produção para fazer o fork, criei um novo repositorio e salvei no mesmo todos o arquivos da pasta ""magrittr"" do meu R local (cujo a versão é a que nos interessa).",2025-08-12T15:58:24.281505+00:00,8,1,-20.72326583694641
tidyr,16,official,nan,https://github.com/tidyverse/tidyr,https://github.com/tidyverse/tidyr,1409,R,"r, tidy-data",2014-06-10T14:24:33Z,2025-07-25T13:39:11Z,418,62,Tidy Messy Data,2025-08-12T15:58:41.654141+00:00,5,1,-20.72326583694641
tidyr,16,accidental,accidental,https://github.com/tidyverse/tidyr,https://github.com/AnuragThakur/TidyR,0,R,,2014-12-22T03:01:40Z,2014-12-22T03:02:52Z,0,0,T,2025-08-12T15:58:41.654141+00:00,5,1,-20.72326583694641
tidyr,16,accidental,accidental,https://github.com/tidyverse/tidyr,https://github.com/wanizainalabidin/tidyR,0,R,,2021-08-26T11:14:49Z,2021-08-26T12:45:31Z,0,0,,2025-08-12T15:58:41.654141+00:00,5,1,-20.72326583694641
tidyr,16,accidental,accidental,https://github.com/tidyverse/tidyr,https://github.com/Sheila-Mwa/tidyr,0,R,,2024-09-18T15:49:07Z,2024-09-18T16:24:39Z,0,0,,2025-08-12T15:58:41.654141+00:00,5,1,-20.72326583694641
tidyr,16,accidental,accidental,https://github.com/tidyverse/tidyr,https://github.com/erinweadick/TidyR,0,R,,2024-12-19T11:51:10Z,2025-01-22T22:17:57Z,0,0,,2025-08-12T15:58:41.654141+00:00,5,1,-20.72326583694641
tidyr,16,accidental,accidental,https://github.com/tidyverse/tidyr,https://github.com/sdevine188/tidyr,0,R,,2018-01-16T01:47:15Z,2019-10-07T14:43:56Z,0,0,,2025-08-12T15:58:41.654141+00:00,5,1,-20.72326583694641
tidyr,16,accidental,personal_mirror,https://github.com/tidyverse/tidyr,https://github.com/cran/tidyr,0,R,,2014-07-21T22:44:31Z,2024-01-24T17:17:43Z,0,0,":exclamation: This is a read-only mirror of the CRAN R package repository.  tidyr — Tidy Messy Data. Homepage: https://tidyr.tidyverse.org, https://github.com/tidyverse/tidyr  Report bugs for this package: https://github.com/tidyverse/tidyr/issues",2025-08-12T15:58:41.654141+00:00,5,1,-20.72326583694641
scales,112,official,nan,https://github.com/r-lib/scales,https://github.com/r-lib/scales,435,R,"ggplot2, r",2010-11-08T00:44:23Z,2025-04-24T11:22:54Z,115,27,Tools for ggplot2 scales,2025-08-12T15:59:09.350185+00:00,6,1,-11.069612923522593
scales,112,accidental,personal_mirror,https://github.com/r-lib/scales,https://github.com/cran/scales,2,R,,2014-03-13T06:13:48Z,2025-04-24T11:30:26Z,0,0,":exclamation: This is a read-only mirror of the CRAN R package repository.  scales — Scale Functions for Visualization. Homepage: https://scales.r-lib.org, https://github.com/r-lib/scales  Report bugs for this package: https://github.com/r-lib/scales/issues",2025-08-12T15:59:09.350185+00:00,6,1,-11.069612923522593
pillar,31,official,nan,https://github.com/r-lib/pillar,https://github.com/r-lib/pillar,182,R,"colour, r",2017-05-15T19:04:32Z,2025-08-06T02:39:40Z,40,35,Format columns with colour,2025-08-12T15:59:41.515175+00:00,6,1,-12.37093072419861
readr,13,official,nan,https://github.com/tidyverse/readr,https://github.com/tidyverse/readr,1018,R,"csv, fwf, parsing, r",2013-07-25T15:28:22Z,2024-07-31T16:03:00Z,287,117,"Read flat files (csv, tsv, fwf) into R",2025-08-12T15:59:48.901129+00:00,5,1,-20.72326583694641
Rcpp,14,accidental,accidental,https://github.com/RcppCore/Rcpp,https://github.com/storopoli/Rcpp,0,R,"cpp, cpp11, rcpp, rcpparmadillo, rcppeigen, rcppparallel, rstats",2021-01-08T19:19:52Z,2022-02-03T11:10:04Z,0,0,Como fazer seu código R ficar mais rápido com Rcpp,2025-08-12T16:00:21.947077+00:00,4,1,-20.72326583694641
xfun,10,official,nan,https://github.com/yihui/xfun,https://github.com/yihui/xfun,150,R,"cran, r, r-package",2018-01-03T16:56:54Z,2025-05-08T03:13:53Z,30,5,Miscellaneous R functions,2025-08-12T16:00:28.484251+00:00,4,1,-20.72326583694641
xfun,10,accidental,personal_mirror,https://github.com/yihui/xfun,https://github.com/cran/xfun,0,R,,2018-01-22T15:50:42Z,2025-04-02T21:30:56Z,0,0,:exclamation: This is a read-only mirror of the CRAN R package repository.  xfun — Supporting Functions for Packages Maintained by 'Yihui Xie'. Homepage: https://github.com/yihui/xfun  Report bugs for this package: https://github.com/yihui/xfun/issues,2025-08-12T16:00:28.484251+00:00,4,1,-20.72326583694641
httr,18,official,nan,https://github.com/r-lib/httr,https://github.com/r-lib/httr,987,R,"api, curl, http, r",2011-11-11T15:05:00Z,2024-10-11T13:16:06Z,1975,7,httr: a friendly http package for R,2025-08-12T16:01:06.846468+00:00,4,1,-20.72326583694641
httr,18,accidental,personal_mirror,https://github.com/r-lib/httr,https://github.com/cran/httr,6,R,,2014-03-13T05:00:21Z,2023-08-15T10:30:56Z,8,0,":exclamation: This is a read-only mirror of the CRAN R package repository.  httr — Tools for Working with URLs and HTTP. Homepage: https://httr.r-lib.org/, https://github.com/r-lib/httr  Report bugs for this package: https://github.com/r-lib/httr/issues",2025-08-12T16:01:06.846468+00:00,4,1,-20.72326583694641
httr,18,accidental,accidental,https://github.com/r-lib/httr,https://github.com/nxskok/httr,0,R,,2021-07-28T03:06:04Z,2022-01-23T04:01:57Z,0,0,,2025-08-12T16:01:06.846468+00:00,4,1,-20.72326583694641
knitr,0,none,nan,https://github.com/yihui/knitr,,0,,,,,0,0,,2025-08-12T16:01:10.345638+00:00,5,1,-20.72326583694641
stringr,25,official,nan,https://github.com/tidyverse/stringr,https://github.com/tidyverse/stringr,641,R,"r, regular-expression, strings",2009-11-08T22:20:08Z,2024-08-20T20:15:14Z,192,14,A fresh approach to string manipulation in R,2025-08-12T16:01:27.330118+00:00,7,1,-20.72326583694641
stringr,25,accidental,personal_mirror,https://github.com/tidyverse/stringr,https://github.com/cran/stringr,1,R,,2014-03-13T06:32:50Z,2023-11-16T16:44:06Z,2,0,":exclamation: This is a read-only mirror of the CRAN R package repository.  stringr — Simple, Consistent Wrappers for Common String Operations. Homepage: https://stringr.tidyverse.org, https://github.com/tidyverse/stringr  Report bugs for this package: https://github.com/tidyverse/stringr/issues",2025-08-12T16:01:27.330118+00:00,7,1,-20.72326583694641
stringr,25,accidental,accidental,https://github.com/tidyverse/stringr,https://github.com/abhijitswain09/stringR,2,R,,2022-09-30T15:48:03Z,2022-09-30T15:53:46Z,0,0,GCcontent out of sequence,2025-08-12T16:01:27.330118+00:00,7,1,-20.72326583694641
stringr,25,accidental,clone_or_imitation,https://github.com/tidyverse/stringr,https://github.com/insightdataintel/stringr,0,R,,2021-02-10T21:50:19Z,2021-02-11T04:23:06Z,0,0,"Repositório criado manualmente para guardar o pacote ""stringr"" versão 1.4.0. Uma vez que não encontrei no github a versão do pacote que utilizamos em produção para fazer o fork, criei um novo repositorio e salvei no mesmo todos o arquivos da pasta ""stringr"" do meu R local (cujo a versão é a que nos interessa).",2025-08-12T16:01:27.330118+00:00,7,1,-20.72326583694641
stringr,25,accidental,clone_or_imitation,https://github.com/tidyverse/stringr,https://github.com/maxwanglei/stringr,0,R,,2025-05-19T15:33:37Z,2025-05-19T15:33:42Z,0,0,,2025-08-12T16:01:27.330118+00:00,7,1,-20.72326583694641
stringr,25,accidental,accidental,https://github.com/tidyverse/stringr,https://github.com/Vivekmanu/stringR,0,R,,2019-07-02T03:39:41Z,2019-07-02T03:41:30Z,0,0,,2025-08-12T16:01:27.330118+00:00,7,1,-20.72326583694641
stringr,25,accidental,accidental,https://github.com/tidyverse/stringr,https://github.com/yandiraccv/StringR,0,R,,2018-03-27T07:03:31Z,2018-03-27T08:22:14Z,0,0,Ejemplos con el paquete StringR,2025-08-12T16:01:27.330118+00:00,7,1,-20.72326583694641
stringr,25,accidental,accidental,https://github.com/tidyverse/stringr,https://github.com/asd1354403003/stringr,0,R,,2022-09-29T23:05:18Z,2022-09-29T23:18:59Z,0,0,,2025-08-12T16:01:27.330118+00:00,7,1,-20.72326583694641
digest,41,accidental,accidental,https://github.com/eddelbuettel/digest,https://github.com/BRiDGEIris/digest,2,R,,2016-01-15T05:44:26Z,2016-05-02T18:23:51Z,0,0,Distributed Gene/Variant Scoring Tool,2025-08-12T16:03:44.169356+00:00,6,1,-10.576889092501752
tidyverse,0,none,nan,https://github.com/tidyverse/tidyverse,,0,,,,,0,0,,2025-08-12T16:03:47.535219+00:00,9,1,-20.72326583694641
generics,200,official,nan,https://github.com/r-lib/generics,https://github.com/r-lib/generics,61,R,,2018-06-12T15:55:26Z,2025-05-10T14:17:11Z,13,9,Common generic methods,2025-08-12T16:03:47.772537+00:00,8,1,-13.629278923380362
mime,200,accidental,accidental,https://github.com/yihui/mime,https://github.com/l-magnificence/Mime,149,R,,2023-10-09T10:07:38Z,2025-08-06T05:37:42Z,26,23,Machine learning-based integration model with elegant performance,2025-08-12T16:03:48.055016+00:00,4,1,-11.534490807206517
mime,200,official,nan,https://github.com/yihui/mime,https://github.com/yihui/mime,33,R,"mime-types, r",2014-04-15T22:42:30Z,2025-03-17T21:02:31Z,15,3,Map filenames to MIME types,2025-08-12T16:03:48.055016+00:00,4,1,-11.534490807206517
mime,200,accidental,accidental,https://github.com/yihui/mime,https://github.com/clarajegousse/mime,3,R,,2020-12-02T15:46:51Z,2022-04-30T13:59:33Z,0,0,,2025-08-12T16:03:48.055016+00:00,4,1,-11.534490807206517
mime,200,accidental,personal_mirror,https://github.com/yihui/mime,https://github.com/cran/mime,0,R,,2014-04-30T20:53:22Z,2025-03-17T21:31:01Z,0,0,:exclamation: This is a read-only mirror of the CRAN R package repository.  mime — Map Filenames to MIME Types. Homepage: https://github.com/yihui/mime  Report bugs for this package: https://github.com/yihui/mime/issues,2025-08-12T16:03:48.055016+00:00,4,1,-11.534490807206517
mime,200,accidental,accidental,https://github.com/yihui/mime,https://github.com/solutionsbyconnections/mime,0,R,,2023-10-21T19:28:07Z,2023-10-21T21:07:47Z,0,0,MIME updated with jsonp mapping,2025-08-12T16:03:48.056106+00:00,4,1,-11.534490807206517
tidyselect,3,official,nan,https://github.com/r-lib/tidyselect,https://github.com/r-lib/tidyselect,130,R,,2017-05-23T18:19:37Z,2025-05-07T08:31:23Z,40,4,A backend for functions taking tidyverse selections,2025-08-12T16:03:51.326556+00:00,10,1,-20.72326583694641
tidyselect,3,accidental,personal_mirror,https://github.com/r-lib/tidyselect,https://github.com/cran/tidyselect,0,R,,2017-07-24T10:42:01Z,2024-03-11T16:34:24Z,0,0,":exclamation: This is a read-only mirror of the CRAN R package repository.  tidyselect — Select from a Set of Strings. Homepage: https://tidyselect.r-lib.org, https://github.com/r-lib/tidyselect  Report bugs for this package: https://github.com/r-lib/tidyselect/issues",2025-08-12T16:03:51.327566+00:00,10,1,-20.72326583694641
evaluate,200,official,nan,https://github.com/r-lib/evaluate,https://github.com/r-lib/evaluate,139,R,"evaluation, parsing, r, r-package, repl",2008-05-18T13:40:10Z,2025-06-18T14:11:19Z,36,7,A version of eval for R that returns more information about what happened,2025-08-12T16:03:51.606774+00:00,8,1,-10.514773611919775
ragg,0,none,nan,https://github.com/r-lib/ragg,,0,,,,,0,0,,2025-08-12T16:03:54.637085+00:00,4,1,-15.964579037545237
pkgconfig,19,accidental,clone_or_imitation,https://github.com/r-lib/pkgconfig#readme,https://github.com/r-lib/pkgconfig,42,R,r,2014-09-07T18:37:00Z,2025-04-25T12:29:48Z,3,3,Private configuration for R packages,2025-08-12T16:04:09.431486+00:00,9,1,-14.30717839167075
pkgconfig,19,accidental,personal_mirror,https://github.com/r-lib/pkgconfig#readme,https://github.com/cran/pkgconfig,0,R,,2015-07-13T08:44:23Z,2019-09-22T10:57:18Z,0,0,:exclamation: This is a read-only mirror of the CRAN R package repository.  pkgconfig — Private Configuration for 'R' Packages. Homepage: https://github.com/r-lib/pkgconfig#readme  Report bugs for this package: https://github.com/r-lib/pkgconfig/issues,2025-08-12T16:04:09.432694+00:00,9,1,-14.30717839167075
openssl,200,official,nan,https://github.com/jeroen/openssl,https://github.com/jeroen/openssl,65,R,,2014-10-15T21:09:54Z,2025-05-29T11:26:03Z,23,23,OpenSSL bindings for R,2025-08-12T16:04:09.719585+00:00,7,1,-12.895382805276787
htmltools,54,official,nan,https://github.com/rstudio/htmltools,https://github.com/rstudio/htmltools,220,R,,2014-04-03T10:11:03Z,2024-08-22T15:23:32Z,70,99,Tools for HTML generation and output,2025-08-12T16:04:37.888824+00:00,9,1,-20.72326583694641
htmltools,54,accidental,personal_mirror,https://github.com/rstudio/htmltools,https://github.com/cran/htmltools,0,R,,2014-05-28T00:44:42Z,2024-04-04T16:35:21Z,1,0,":exclamation: This is a read-only mirror of the CRAN R package repository.  htmltools — Tools for HTML. Homepage: https://github.com/rstudio/htmltools, https://rstudio.github.io/htmltools/  Report bugs for this package: https://github.com/rstudio/htmltools/issues",2025-08-12T16:04:37.888824+00:00,9,1,-20.72326583694641
htmltools,54,accidental,clone_or_imitation,https://github.com/rstudio/htmltools,https://github.com/yjalbert/htmltools,0,R,,2016-01-29T08:03:41Z,2016-01-29T08:04:06Z,0,0,,2025-08-12T16:04:37.888824+00:00,9,1,-20.72326583694641
htmltools,54,accidental,clone_or_imitation,https://github.com/rstudio/htmltools,https://github.com/FourchettesDeInterActive/htmltools,0,R,,2015-01-16T10:23:43Z,2015-01-16T10:23:45Z,0,0,,2025-08-12T16:04:37.888824+00:00,9,1,-20.72326583694641
tinytex,8,official,nan,https://github.com/rstudio/tinytex,https://github.com/rstudio/tinytex,1045,R,"latex, r-package, texlive",2017-11-16T21:24:02Z,2025-04-15T17:47:02Z,121,31,"A lightweight, cross-platform, portable, and easy-to-maintain LaTeX distribution based on TeX Live",2025-08-12T16:04:45.106194+00:00,7,1,-20.72326583694641
tinytex,8,accidental,personal_mirror,https://github.com/rstudio/tinytex,https://github.com/cran/tinytex,2,R,,2017-12-13T09:15:13Z,2025-04-15T16:42:07Z,0,0,":exclamation: This is a read-only mirror of the CRAN R package repository.  tinytex — Helper Functions to Install and Maintain TeX Live, and Compile LaTeX Documents. Homepage: https://github.com/rstudio/tinytex  Report bugs for this package: https://github.com/rstudio/tinytex/issues",2025-08-12T16:04:45.106194+00:00,7,1,-20.72326583694641
bslib,14,accidental,accidental,https://github.com/rstudio/bslib,https://github.com/MattRowse/bslib,0,R,,2021-05-23T08:32:54Z,2021-06-06T09:30:10Z,0,0,Testing bslib on Shiny,2025-08-12T16:04:52.493864+00:00,5,1,-20.72326583694641
crayon,200,official,nan,https://github.com/r-lib/crayon,https://github.com/r-lib/crayon,324,R,r,2014-09-22T20:07:22Z,2025-04-25T20:54:52Z,39,0,🖍️ R package for colored terminal output — now superseded by cli,2025-08-12T16:05:36.473693+00:00,6,1,-13.784740716384428
crayon,200,accidental,personal_mirror,https://github.com/r-lib/crayon,https://github.com/cran/crayon,0,R,,2014-09-23T20:44:37Z,2024-06-20T16:39:14Z,0,0,":exclamation: This is a read-only mirror of the CRAN R package repository.  crayon — Colored Terminal Output. Homepage: https://r-lib.github.io/crayon/, https://github.com/r-lib/crayon  Report bugs for this package: https://github.com/r-lib/crayon/issues",2025-08-12T16:05:36.474615+00:00,6,1,-13.784740716384428
gtable,17,official,nan,https://github.com/r-lib/gtable,https://github.com/r-lib/gtable,93,R,r,2011-12-30T16:08:43Z,2025-04-25T08:58:59Z,18,1,The layout packages that powers ggplot2,2025-08-12T16:05:48.657534+00:00,6,1,-20.72326583694641
gtable,17,accidental,accidental,https://github.com/r-lib/gtable,https://github.com/alequartz/gtable,0,R,,2014-06-11T11:21:38Z,2014-06-04T16:49:29Z,1,0,,2025-08-12T16:05:48.657534+00:00,6,1,-20.72326583694641
gtable,17,accidental,personal_mirror,https://github.com/r-lib/gtable,https://github.com/cran/gtable,0,R,,2014-03-13T04:57:39Z,2024-10-25T14:32:15Z,0,0,":exclamation: This is a read-only mirror of the CRAN R package repository.  gtable — Arrange 'Grobs' in Tables. Homepage: https://gtable.r-lib.org, https://github.com/r-lib/gtable  Report bugs for this package: https://github.com/r-lib/gtable/issues",2025-08-12T16:05:48.657534+00:00,6,1,-20.72326583694641
cachem,0,none,nan,https://github.com/r-lib/cachem,,0,,,,,0,0,,2025-08-12T16:05:53.039494+00:00,6,1,-20.72326583694641
lubridate,11,official,nan,https://github.com/tidyverse/lubridate,https://github.com/tidyverse/lubridate,772,R,"date, date-time, r",2009-03-11T01:18:52Z,2025-05-11T14:09:23Z,211,108,Make working with dates in R just that little bit easier,2025-08-12T16:06:00.597919+00:00,9,1,-20.72326583694641
lubridate,11,accidental,personal_mirror,https://github.com/tidyverse/lubridate,https://github.com/cran/lubridate,2,R,,2014-03-13T05:13:50Z,2024-12-08T13:34:16Z,1,0,":exclamation: This is a read-only mirror of the CRAN R package repository.  lubridate — Make Dealing with Dates a Little Easier. Homepage: https://lubridate.tidyverse.org, https://github.com/tidyverse/lubridate  Report bugs for this package: https://github.com/tidyverse/lubridate/issues",2025-08-12T16:06:00.597919+00:00,9,1,-20.72326583694641
lubridate,11,accidental,accidental,https://github.com/tidyverse/lubridate,https://github.com/KeerthanaRadhakrish/lubridate,0,R,,2019-07-19T05:33:08Z,2019-07-19T06:44:47Z,0,0,basics of lubridate,2025-08-12T16:06:00.597919+00:00,9,1,-20.72326583694641
lubridate,11,accidental,accidental,https://github.com/tidyverse/lubridate,https://github.com/ShruthiRavikanti/lubridate,0,R,,2019-01-01T13:36:49Z,2019-01-01T13:37:29Z,0,0,,2025-08-12T16:06:00.597919+00:00,9,1,-20.72326583694641
lubridate,11,accidental,clone_or_imitation,https://github.com/tidyverse/lubridate,https://github.com/insightdataintel/lubridate,0,R,,2021-02-11T11:47:16Z,2021-02-11T11:49:26Z,0,0,lubridate versão 1.7.8,2025-08-12T16:06:00.597919+00:00,9,1,-20.72326583694641
jquerylib,15,accidental,clone_or_imitation,,https://github.com/rstudio/jquerylib,9,R,,2019-12-02T23:12:08Z,2022-09-21T19:42:43Z,5,1,,2025-08-12T16:06:21.181603+00:00,9,1,-20.72326583694641
jquerylib,15,accidental,personal_mirror,,https://github.com/cran/jquerylib,0,R,,2020-03-19T23:18:19Z,2021-04-27T03:47:28Z,0,0,:exclamation: This is a read-only mirror of the CRAN R package repository.  jquerylib — Obtain 'jQuery' as an HTML Dependency Object  ,2025-08-12T16:06:21.181603+00:00,9,1,-20.72326583694641
testthat,0,none,nan,https://github.com/r-lib/testthat,,0,,,,,0,0,,2025-08-12T16:06:24.506742+00:00,8,1,-20.72326583694641
highr,0,none,nan,https://github.com/yihui/highr,,0,,,,,0,0,,2025-08-12T16:06:31.698115+00:00,5,1,-20.72326583694641
farver,7,official,nan,https://github.com/thomasp85/farver,https://github.com/thomasp85/farver,140,R,"color-conversion, rstats",2018-03-14T23:32:11Z,2024-05-13T09:32:43Z,14,14,High Performance Colourspace Manipulation in R,2025-08-12T16:06:38.181196+00:00,6,1,-17.595255616855766
fontawesome,200,official,nan,https://github.com/rstudio/fontawesome,https://github.com/rstudio/fontawesome,299,R,"font-awesome, r, svg-icons",2018-05-30T22:31:54Z,2024-11-16T18:00:12Z,40,9,Easily insert FontAwesome icons into R Markdown docs and Shiny apps,2025-08-12T16:06:38.517428+00:00,11,1,-20.72326583694641
fontawesome,200,accidental,personal_mirror,https://github.com/rstudio/fontawesome,https://github.com/cran/fontawesome,0,R,,2021-02-22T15:37:24Z,2024-11-16T18:39:06Z,0,0,":exclamation: This is a read-only mirror of the CRAN R package repository.  fontawesome — Easily Work with 'Font Awesome' Icons. Homepage: https://github.com/rstudio/fontawesome, https://rstudio.github.io/fontawesome/  Report bugs for this package: https://github.com/rstudio/fontawesome/issues",2025-08-12T16:06:38.517428+00:00,11,1,-20.72326583694641
progress,32,accidental,clone_or_imitation,https://github.com/r-lib/progress#readme,https://github.com/r-lib/progress,475,R,r,2014-10-03T20:14:56Z,2025-04-28T11:10:52Z,40,7,Progress bar in your R terminal,2025-08-12T16:07:44.968030+00:00,8,1,-9.420290884541323
RColorBrewer,2,accidental,personal_mirror,,https://github.com/cran/RColorBrewer,9,R,,2014-03-12T19:56:46Z,2024-07-29T13:30:19Z,6,0,:exclamation: This is a read-only mirror of the CRAN R package repository.  RColorBrewer — ColorBrewer Palettes  ,2025-08-12T16:07:48.490225+00:00,12,1,-20.72326583694641
RColorBrewer,2,accidental,clone_or_imitation,,https://github.com/deepin-community/rcolorbrewer,0,R,,2022-10-18T05:43:51Z,2023-08-15T17:07:49Z,0,0,,2025-08-12T16:07:48.490225+00:00,12,1,-20.72326583694641
rappdirs,0,none,nan,https://github.com/r-lib/rappdirs,,0,,,,,0,0,,2025-08-12T16:07:52.114665+00:00,8,1,-20.72326583694641
data.table,2,official,nan,https://github.com/Rdatatable/data.table,https://github.com/Rdatatable/data.table,3766,R,,2014-06-07T16:38:05Z,2025-08-11T17:01:23Z,1015,984,R's data.table package extends data.frame:,2025-08-12T16:08:23.039135+00:00,10,2,-15.45278626334706
memoise,10,official,nan,https://github.com/r-lib/memoise,https://github.com/r-lib/memoise,321,R,"memoise, r",2010-11-11T17:37:44Z,2023-12-05T17:01:13Z,58,43,Easy memoisation for R,2025-08-12T16:08:29.331091+00:00,7,1,-20.72326583694641
memoise,10,accidental,personal_mirror,https://github.com/r-lib/memoise,https://github.com/cran/memoise,0,R,,2014-03-13T05:18:41Z,2021-11-27T03:34:21Z,0,0,":exclamation: This is a read-only mirror of the CRAN R package repository.  memoise — 'Memoisation' of Functions. Homepage: https://memoise.r-lib.org, https://github.com/r-lib/memoise  Report bugs for this package: https://github.com/r-lib/memoise/issues",2025-08-12T16:08:29.331091+00:00,7,1,-20.72326583694641
memoise,10,accidental,clone_or_imitation,https://github.com/r-lib/memoise,https://github.com/insightdataintel/memoise,0,R,,2021-05-26T11:56:07Z,2021-05-26T12:23:28Z,0,0,"Repositório criado manualmente para guardar o pacote do R ""memoise"" versão 2.0.0.",2025-08-12T16:08:29.331091+00:00,7,1,-20.72326583694641
viridisLite,2,official,nan,https://github.com/sjmgarnier/viridisLite,https://github.com/sjmgarnier/viridisLite,67,R,"color-blindness, color-scheme, r",2015-10-16T03:27:25Z,2023-05-03T11:49:51Z,14,0,Colorblind-Friendly Color Maps for R,2025-08-12T16:08:32.100492+00:00,11,1,-20.72326583694641
viridisLite,2,accidental,personal_mirror,https://github.com/sjmgarnier/viridisLite,https://github.com/cran/viridisLite,0,R,,2015-12-16T06:03:45Z,2023-05-03T03:28:07Z,0,0,":exclamation: This is a read-only mirror of the CRAN R package repository.  viridisLite — Colorblind-Friendly Color Maps (Lite Version). Homepage: https://sjmgarnier.github.io/viridisLite/, https://github.com/sjmgarnier/viridisLite/  Report bugs for this package: https://github.com/sjmgarnier/viridisLite/issues/",2025-08-12T16:08:32.100492+00:00,11,1,-20.72326583694641
xml2,10,official,nan,https://github.com/r-lib/xml2,https://github.com/r-lib/xml2,223,R,"libxml2, r, xml",2015-02-12T19:43:52Z,2025-07-24T07:08:16Z,83,62,Bindings to libxml2,2025-08-12T16:08:51.980388+00:00,4,1,-20.72326583694641
processx,7,official,nan,https://github.com/r-lib/processx,https://github.com/r-lib/processx,241,R,r,2016-08-19T13:18:57Z,2025-04-26T15:05:47Z,43,25,Execute and Control Subprocesses from R,2025-08-12T16:09:47.047653+00:00,8,1,-20.72326583694641
processx,7,accidental,personal_mirror,https://github.com/r-lib/processx,https://github.com/cran/processx,0,R,,2017-05-30T09:48:05Z,2025-02-21T17:30:16Z,0,0,":exclamation: This is a read-only mirror of the CRAN R package repository.  processx — Execute and Control System Processes. Homepage: https://processx.r-lib.org, https://github.com/r-lib/processx  Report bugs for this package: https://github.com/r-lib/processx/issues",2025-08-12T16:09:47.047653+00:00,8,1,-20.72326583694641
isoband,4,accidental,accidental,https://github.com/r-lib/isoband,https://github.com/jkrumbiegel/isoband,0,R,,2020-08-08T12:49:13Z,2024-03-13T15:51:02Z,2,1,"A fork of wilkelabs isoband R package, with all R components removed to make the core available as a Julia package",2025-08-12T16:09:58.020640+00:00,7,1,-20.72326583694641
askpass,14,official,nan,https://github.com/r-lib/askpass,https://github.com/r-lib/askpass,87,R,,2018-11-17T12:32:43Z,2024-10-03T18:18:38Z,1,4,"Password Entry for R, Git, and SSH",2025-08-12T16:10:05.165066+00:00,7,1,-15.914158942240174
askpass,14,accidental,personal_mirror,https://github.com/r-lib/askpass,https://github.com/cran/askpass,0,R,,2019-01-02T11:14:48Z,2024-10-04T14:37:27Z,0,0,":exclamation: This is a read-only mirror of the CRAN R package repository.  askpass — Password Entry Utilities for R, Git, and SSH. Homepage: https://r-lib.r-universe.dev/askpass  Report bugs for this package: https://github.com/r-lib/askpass/issues",2025-08-12T16:10:05.165066+00:00,7,1,-15.914158942240174
waldo,200,official,nan,https://github.com/r-lib/waldo,https://github.com/r-lib/waldo,298,R,"diff, r, testing",2020-03-29T16:00:40Z,2025-07-11T15:31:14Z,20,7,Find differences between R objects,2025-08-12T16:10:05.460036+00:00,5,1,-13.035086380683488
waldo,200,accidental,accidental,https://github.com/r-lib/waldo,https://github.com/Osvaldo111123/waldo,0,R,,2023-05-30T23:42:50Z,2023-05-30T23:49:13Z,0,0,Repositorio de Estadistica y Probabilidad,2025-08-12T16:10:05.461146+00:00,5,1,-13.035086380683488
waldo,200,accidental,personal_mirror,https://github.com/r-lib/waldo,https://github.com/cran/waldo,0,R,,2020-04-17T07:01:31Z,2025-07-11T15:39:02Z,0,0,":exclamation: This is a read-only mirror of the CRAN R package repository.  waldo — Find Differences Between R Objects. Homepage: https://waldo.r-lib.org, https://github.com/r-lib/waldo  Report bugs for this package: https://github.com/r-lib/waldo/issues",2025-08-12T16:10:05.461146+00:00,5,1,-13.035086380683488
callr,13,official,nan,https://github.com/r-lib/callr,https://github.com/r-lib/callr,303,R,r,2016-05-13T10:26:09Z,2025-06-27T12:43:58Z,39,15,Call R from R,2025-08-12T16:10:16.400449+00:00,5,1,-20.72326583694641
callr,13,accidental,accidental,https://github.com/r-lib/callr,https://github.com/MathSZhang/CALLR,5,R,,2021-05-13T07:04:49Z,2021-09-09T01:08:58Z,2,4,"CALLR is a semi-supervised cell type annotation method for scRNA-seq data. It requires a small number of cell type labels, and annotate the remaining cells by combining clustering and sparse logistic regression.",2025-08-12T16:10:16.400449+00:00,5,1,-20.72326583694641
callr,13,accidental,accidental,https://github.com/r-lib/callr,https://github.com/traitecoevo/callr,3,R,,2015-04-21T05:35:10Z,2015-10-28T15:44:52Z,0,2,Simple interface for calling R,2025-08-12T16:10:16.400449+00:00,5,1,-20.72326583694641
callr,13,accidental,personal_mirror,https://github.com/r-lib/callr,https://github.com/cran/callr,2,R,,2016-06-18T13:25:38Z,2024-03-25T16:37:23Z,0,0,":exclamation: This is a read-only mirror of the CRAN R package repository.  callr — Call R from R. Homepage: https://callr.r-lib.org, https://github.com/r-lib/callr  Report bugs for this package: https://github.com/r-lib/callr/issues",2025-08-12T16:10:16.400449+00:00,5,1,-20.72326583694641
bit,0,none,nan,https://github.com/r-lib/bit,,0,,,,,0,0,,2025-08-12T16:10:20.082355+00:00,3,1,-8.876586459992877
diffobj,5,official,nan,https://github.com/brodieG/diffobj,https://github.com/brodieG/diffobj,232,R,"diff, r",2016-01-24T01:29:54Z,2025-04-21T18:50:49Z,12,25,Compare R Objects with a Diff,2025-08-12T16:10:23.176232+00:00,7,1,-20.72326583694641
diffobj,5,accidental,personal_mirror,https://github.com/brodieG/diffobj,https://github.com/cran/diffobj,0,R,,2016-08-29T06:21:40Z,2025-04-21T09:34:27Z,0,0,:exclamation: This is a read-only mirror of the CRAN R package repository.  diffobj — Diffs for R Objects. Homepage: https://github.com/brodieG/diffobj  Report bugs for this package: https://github.com/brodieG/diffobj/issues,2025-08-12T16:10:23.176232+00:00,7,1,-20.72326583694641
hms,200,official,nan,https://github.com/tidyverse/hms,https://github.com/tidyverse/hms,142,R,"hms, r, time",2016-03-31T09:05:58Z,2025-08-04T07:31:34Z,28,17,A simple class for storing time-of-day values,2025-08-12T16:10:23.486038+00:00,3,1,-12.747304003255804
hms,200,accidental,accidental,https://github.com/tidyverse/hms,https://github.com/WojtAcht/hms,3,R,,2021-05-12T18:33:51Z,2024-03-13T19:32:37Z,0,1,,2025-08-12T16:10:23.486038+00:00,3,1,-12.747304003255804
bit64,6,official,nan,https://github.com/r-lib/bit64,https://github.com/r-lib/bit64,36,R,,2020-04-12T17:33:29Z,2025-03-12T20:54:40Z,9,39,An R package with an S3 Class for Vectors of 64bit Integers,2025-08-12T16:10:30.750936+00:00,5,1,-20.72326583694641
bit64,6,accidental,clone_or_imitation,https://github.com/r-lib/bit64,https://github.com/lsilvest/bit64,0,R,,2018-04-16T03:51:30Z,2019-07-13T20:48:14Z,0,1,The R package 'bit64' with a few fixes.,2025-08-12T16:10:30.750936+00:00,5,1,-20.72326583694641
bit64,6,accidental,personal_mirror,https://github.com/r-lib/bit64,https://github.com/cran/bit64,0,R,,2014-04-15T15:46:53Z,2025-01-16T16:39:00Z,1,0,:exclamation: This is a read-only mirror of the CRAN R package repository.  bit64 — A S3 Class for Vectors of 64bit Integers. Homepage: https://github.com/r-lib/bit64  ,2025-08-12T16:10:30.750936+00:00,5,1,-20.72326583694641
prettyunits,0,none,nan,https://github.com/r-lib/prettyunits,,0,,,,,0,0,,2025-08-12T16:10:34.264165+00:00,11,1,-20.72326583694641
broom,57,official,nan,https://github.com/tidymodels/broom,https://github.com/tidymodels/broom,1492,R,"modeling, r, tidy-data",2014-09-11T19:17:04Z,2025-07-28T16:24:24Z,306,16,Convert statistical analysis objects from R into tidy format,2025-08-12T16:10:56.783190+00:00,5,1,-13.01286565827676
broom,57,accidental,clone_or_imitation,https://github.com/tidymodels/broom,https://github.com/Indie365/broom,0,R,,2025-07-04T02:18:51Z,2025-07-04T02:32:37Z,0,0,,2025-08-12T16:10:56.784232+00:00,5,1,-13.01286565827676
renv,51,official,nan,https://github.com/rstudio/renv,https://github.com/rstudio/renv,1088,R,,2018-11-28T20:25:39Z,2025-08-07T21:30:24Z,156,193,renv: Project environments for R.,2025-08-12T16:11:17.995119+00:00,4,1,-20.72326583694641
renv,51,accidental,accidental,https://github.com/rstudio/renv,https://github.com/ZhuohanChi/renv,0,R,,2024-04-07T16:36:03Z,2024-04-07T23:43:50Z,1,0,,2025-08-12T16:11:17.995119+00:00,4,1,-20.72326583694641
renv,51,accidental,accidental,https://github.com/rstudio/renv,https://github.com/drewlanenga/renv,1,R,"bash, r",2017-04-21T00:38:33Z,2017-06-03T17:20:50Z,0,0,renv: Load environment files in R,2025-08-12T16:11:17.995119+00:00,4,1,-20.72326583694641
renv,51,accidental,accidental,https://github.com/rstudio/renv,https://github.com/arraytools/renv,0,R,,2024-05-16T01:12:51Z,2024-05-17T16:34:17Z,1,0,renv.lock files ,2025-08-12T16:11:17.995119+00:00,4,1,-20.72326583694641
renv,51,accidental,accidental,https://github.com/rstudio/renv,https://github.com/onkaronkar4/renv,0,R,,2024-11-28T15:38:51Z,2024-11-28T16:11:17Z,0,0,Robust R Code That Will Work Forever With {renv} example from Albert Rapp,2025-08-12T16:11:17.995119+00:00,4,1,-20.72326583694641
renv,51,accidental,accidental,https://github.com/rstudio/renv,https://github.com/Zolismith19/RENV,0,R,,2025-04-04T17:35:49Z,2025-04-11T01:37:20Z,1,0,,2025-08-12T16:11:17.995119+00:00,4,1,-20.72326583694641
renv,51,accidental,accidental,https://github.com/rstudio/renv,https://github.com/cor5corpii/Renv,0,R,,2018-12-05T01:24:49Z,2018-12-05T03:12:25Z,0,0,My R work environ,2025-08-12T16:11:17.995119+00:00,4,1,-20.72326583694641
renv,51,accidental,accidental,https://github.com/rstudio/renv,https://github.com/annaimpel/renv,0,R,,2025-04-09T18:43:42Z,2025-04-10T16:24:31Z,1,1,,2025-08-12T16:11:17.995119+00:00,4,1,-20.72326583694641
renv,51,accidental,accidental,https://github.com/rstudio/renv,https://github.com/saponce99/renv,0,R,,2024-04-01T12:39:56Z,2024-04-01T13:13:44Z,1,0,,2025-08-12T16:11:17.995119+00:00,4,1,-20.72326583694641
renv,51,accidental,accidental,https://github.com/rstudio/renv,https://github.com/llvll0hsen/REnv,0,R,,2021-03-26T17:19:03Z,2021-03-29T10:19:44Z,0,0,,2025-08-12T16:11:17.995119+00:00,4,1,-20.72326583694641
renv,51,accidental,accidental,https://github.com/rstudio/renv,https://github.com/danyangc/renv,0,R,,2024-11-18T13:30:31Z,2024-11-18T14:49:32Z,1,0,,2025-08-12T16:11:17.995119+00:00,4,1,-20.72326583694641
renv,51,accidental,accidental,https://github.com/rstudio/renv,https://github.com/SANGDONKIM/renv,0,R,,2021-10-03T15:55:25Z,2021-10-03T16:26:52Z,0,0,,2025-08-12T16:11:17.995119+00:00,4,1,-20.72326583694641
renv,51,accidental,personal_mirror,https://github.com/rstudio/renv,https://github.com/cran/renv,0,R,,2019-10-25T16:33:05Z,2025-07-24T22:41:38Z,0,0,":exclamation: This is a read-only mirror of the CRAN R package repository.  renv — Project Environments. Homepage: https://rstudio.github.io/renv/, https://github.com/rstudio/renv  Report bugs for this package: https://github.com/rstudio/renv/issues",2025-08-12T16:11:17.995119+00:00,4,1,-20.72326583694641
renv,51,accidental,accidental,https://github.com/rstudio/renv,https://github.com/slopp/renv,1,R,,2019-02-04T19:13:07Z,2019-07-05T15:11:47Z,0,0,renv: Virtual environments for R.,2025-08-12T16:11:17.995119+00:00,4,1,-20.72326583694641
htmlwidgets,15,official,nan,https://github.com/ramnathv/htmlwidgets,https://github.com/ramnathv/htmlwidgets,792,R,,2014-07-17T20:49:59Z,2024-05-04T22:42:24Z,206,134,HTML Widgets for R,2025-08-12T16:11:25.252717+00:00,11,1,-20.72326583694641
htmlwidgets,15,accidental,clone_or_imitation,https://github.com/ramnathv/htmlwidgets,https://github.com/yunjiechen/htmlwidgets,0,R,,2015-07-24T22:00:52Z,2015-07-24T22:01:23Z,0,0,,2025-08-12T16:11:25.252717+00:00,11,1,-20.72326583694641
htmlwidgets,15,accidental,clone_or_imitation,https://github.com/ramnathv/htmlwidgets,https://github.com/FourchettesDeInterActive/htmlwidgets,0,R,,2015-01-16T10:14:37Z,2015-01-16T10:14:40Z,0,0,,2025-08-12T16:11:25.252717+00:00,11,1,-20.72326583694641
htmlwidgets,15,accidental,personal_mirror,https://github.com/ramnathv/htmlwidgets,https://github.com/cran/htmlwidgets,0,R,,2014-12-09T15:44:44Z,2023-12-06T16:42:15Z,0,0,:exclamation: This is a read-only mirror of the CRAN R package repository.  htmlwidgets — HTML Widgets for R. Homepage: https://github.com/ramnathv/htmlwidgets  Report bugs for this package: https://github.com/ramnathv/htmlwidgets/issues,2025-08-12T16:11:25.252717+00:00,11,1,-20.72326583694641
htmlwidgets,15,accidental,accidental,https://github.com/ramnathv/htmlwidgets,https://github.com/angy89/htmlwidgets,0,R,,2016-01-22T18:13:38Z,2016-02-21T15:38:25Z,0,0,,2025-08-12T16:11:25.252717+00:00,11,1,-20.72326583694641
htmlwidgets,15,accidental,clone_or_imitation,https://github.com/ramnathv/htmlwidgets,https://github.com/DnPeter/htmlwidgets,0,R,,2016-12-26T15:01:44Z,2016-12-26T15:02:09Z,0,0,,2025-08-12T16:11:25.252717+00:00,11,1,-20.72326583694641
rstudioapi,2,official,nan,https://github.com/rstudio/rstudioapi,https://github.com/rstudio/rstudioapi,172,R,,2014-01-10T11:37:40Z,2024-11-04T18:45:37Z,37,137,Safely access RStudio's API (when available),2025-08-12T16:11:28.262387+00:00,10,1,-20.72326583694641
rstudioapi,2,accidental,personal_mirror,https://github.com/rstudio/rstudioapi,https://github.com/cran/rstudioapi,0,R,,2014-03-27T23:01:42Z,2024-10-22T23:26:23Z,0,0,":exclamation: This is a read-only mirror of the CRAN R package repository.  rstudioapi — Safely Access the RStudio API. Homepage: https://rstudio.github.io/rstudioapi/, https://github.com/rstudio/rstudioapi  Report bugs for this package: https://github.com/rstudio/rstudioapi/issues",2025-08-12T16:11:28.262387+00:00,10,1,-20.72326583694641
backports,41,official,nan,https://github.com/r-lib/backports,https://github.com/r-lib/backports,67,R,"backports, cran, r",2016-02-12T08:08:46Z,2024-08-12T09:36:27Z,15,12,Reimplementations of Functions Introduced Since R-3.0.0,2025-08-12T16:12:20.096409+00:00,9,1,-15.964856161005509
backports,41,accidental,personal_mirror,https://github.com/r-lib/backports,https://github.com/cran/backports,0,R,,2016-02-19T23:11:32Z,2024-05-23T16:37:44Z,0,0,:exclamation: This is a read-only mirror of the CRAN R package repository.  backports — Reimplementations of Functions Introduced Since R-3.0.0. Homepage: https://github.com/r-lib/backports  Report bugs for this package: https://github.com/r-lib/backports/issues,2025-08-12T16:12:20.096409+00:00,9,1,-15.964856161005509
DBI,200,accidental,personal_mirror,https://github.com/r-dbi/DBI,https://github.com/cran/DBI,1,R,,2014-03-13T02:25:16Z,2024-06-03T02:41:42Z,1,0,":exclamation: This is a read-only mirror of the CRAN R package repository.  DBI — R Database Interface. Homepage: https://dbi.r-dbi.org, https://github.com/r-dbi/DBI  Report bugs for this package: https://github.com/r-dbi/DBI/issues",2025-08-12T16:12:20.458554+00:00,3,1,-12.979943381657035
clipr,46,official,nan,https://github.com/mdlincoln/clipr,https://github.com/mdlincoln/clipr,153,R,"clipboard, rstats",2015-08-27T16:50:19Z,2024-09-17T02:27:19Z,24,11,R functions for reading and writing from the system clipboard,2025-08-12T16:12:56.367808+00:00,5,1,-20.72326583694641
clipr,46,accidental,accidental,https://github.com/mdlincoln/clipr,https://github.com/tomateba/clipR,0,R,,2015-09-07T09:26:59Z,2015-09-07T09:27:08Z,0,0,detection and comparison of RBP binding sites from CLIP related data,2025-08-12T16:12:56.367808+00:00,5,1,-20.72326583694641
clipr,46,accidental,personal_mirror,https://github.com/mdlincoln/clipr,https://github.com/cran/clipr,0,R,,2015-12-16T00:55:21Z,2022-02-22T03:33:13Z,0,0,":exclamation: This is a read-only mirror of the CRAN R package repository.  clipr — Read and Write from the System Clipboard. Homepage: https://github.com/mdlincoln/clipr, http://matthewlincoln.net/clipr/  Report bugs for this package: https://github.com/mdlincoln/clipr/issues",2025-08-12T16:12:56.367808+00:00,5,1,-20.72326583694641
clipr,46,accidental,accidental,https://github.com/mdlincoln/clipr,https://github.com/ces0491/clipR,0,R,,2020-08-04T08:03:56Z,2021-07-15T17:37:05Z,0,0,Copies data and graphics from R and pastes data.frames to R from the Windows clipboard,2025-08-12T16:12:56.367808+00:00,5,1,-20.72326583694641
remotes,115,accidental,clone_or_imitation,https://github.com/r-lib/remotes#readme,https://github.com/r-lib/remotes,349,R,r,2016-01-02T10:24:31Z,2025-02-25T15:15:04Z,153,131,"Install R packages from GitHub, GitLab, Bitbucket, git, svn repositories, URLs",2025-08-12T16:13:44.029356+00:00,7,1,-13.624049253458455
remotes,115,accidental,accidental,https://github.com/r-lib/remotes#readme,https://github.com/scubasteveqa/remotes,0,R,,2025-02-12T19:07:37Z,2025-02-12T19:08:02Z,0,0,,2025-08-12T16:13:44.029356+00:00,7,1,-13.624049253458455
remotes,115,accidental,personal_mirror,https://github.com/r-lib/remotes#readme,https://github.com/cran/remotes,1,R,,2016-09-09T23:56:36Z,2024-03-17T16:32:05Z,0,0,":exclamation: This is a read-only mirror of the CRAN R package repository.  remotes — R Package Installation from Remote Repositories, Including 'GitHub'. Homepage: https://remotes.r-lib.org, https://github.com/r-lib/remotes#readme  Report bugs for this package: https://github.com/r-lib/remotes/issues",2025-08-12T16:13:44.029356+00:00,7,1,-13.624049253458455
remotes,115,accidental,accidental,https://github.com/r-lib/remotes#readme,https://github.com/jcvdav/remotes,0,R,,2022-10-10T22:28:30Z,2022-12-06T23:48:26Z,0,0,,2025-08-12T16:13:44.029356+00:00,7,1,-13.624049253458455
forcats,8,official,nan,https://github.com/tidyverse/forcats,https://github.com/tidyverse/forcats,555,R,"factor, r, tidyverse",2016-08-08T18:07:47Z,2024-08-09T18:46:29Z,128,40,🐈🐈🐈🐈: tools for working with categorical variables (factors),2025-08-12T16:13:50.962002+00:00,7,1,-20.72326583694641
forcats,8,accidental,personal_mirror,https://github.com/tidyverse/forcats,https://github.com/cran/forcats,1,R,,2016-08-29T15:48:53Z,2023-01-30T03:30:16Z,0,0,":exclamation: This is a read-only mirror of the CRAN R package repository.  forcats — Tools for Working with Categorical Variables (Factors). Homepage: https://forcats.tidyverse.org/, https://github.com/tidyverse/forcats  Report bugs for this package: https://github.com/tidyverse/forcats/issues",2025-08-12T16:13:50.962002+00:00,7,1,-20.72326583694641
promises,200,official,nan,https://github.com/rstudio/promises,https://github.com/rstudio/promises,208,R,"promises, r",2017-04-11T18:52:38Z,2025-08-04T14:58:47Z,18,32,A promise library for R,2025-08-12T16:13:51.318699+00:00,8,1,-11.392776641509991
modelr,0,none,nan,https://github.com/tidyverse/modelr,,0,,,,,0,0,,2025-08-12T16:14:11.612475+00:00,6,1,-20.72326583694641
dbplyr,2,official,nan,https://github.com/tidyverse/dbplyr,https://github.com/tidyverse/dbplyr,485,R,"database, r",2017-03-28T20:29:16Z,2025-04-25T21:12:31Z,182,140,Database (DBI) backend for dplyr,2025-08-12T16:14:15.636463+00:00,6,1,-20.72326583694641
dbplyr,2,accidental,personal_mirror,https://github.com/tidyverse/dbplyr,https://github.com/cran/dbplyr,0,R,,2017-06-09T11:12:03Z,2024-03-19T17:17:14Z,1,0,":exclamation: This is a read-only mirror of the CRAN R package repository.  dbplyr — A 'dplyr' Back End for Databases. Homepage: https://dbplyr.tidyverse.org/, https://github.com/tidyverse/dbplyr  Report bugs for this package: https://github.com/tidyverse/dbplyr/issues",2025-08-12T16:14:15.636463+00:00,6,1,-20.72326583694641
rvest,13,official,nan,https://github.com/tidyverse/rvest,https://github.com/tidyverse/rvest,1506,R,"html, r, web-scraping",2014-07-23T21:22:27Z,2024-10-25T15:53:24Z,347,40,Simple web scraping for R,2025-08-12T16:14:34.271356+00:00,5,1,-20.72326583694641
rvest,13,accidental,accidental,https://github.com/tidyverse/rvest,https://github.com/sana5677/RVEST,0,R,,2017-03-20T09:05:02Z,2017-03-20T09:05:10Z,0,0,Web scraping,2025-08-12T16:14:34.271356+00:00,5,1,-20.72326583694641
rvest,13,accidental,accidental,https://github.com/tidyverse/rvest,https://github.com/PaulowniaLee/rvest,0,R,,2024-09-25T10:18:16Z,2024-10-01T02:22:10Z,0,0,Codes for scrapping static site in R. ,2025-08-12T16:14:34.271356+00:00,5,1,-20.72326583694641
rvest,13,accidental,personal_mirror,https://github.com/tidyverse/rvest,https://github.com/cran/rvest,1,R,,2014-11-22T01:44:51Z,2024-02-13T02:31:21Z,0,0,":exclamation: This is a read-only mirror of the CRAN R package repository.  rvest — Easily Harvest (Scrape) Web Pages. Homepage: https://rvest.tidyverse.org/, https://github.com/tidyverse/rvest  Report bugs for this package: https://github.com/tidyverse/rvest/issues",2025-08-12T16:14:34.271356+00:00,5,1,-20.72326583694641
rvest,13,accidental,accidental,https://github.com/tidyverse/rvest,https://github.com/slseager78/rvest,0,R,,2018-03-30T22:32:25Z,2018-03-30T22:38:07Z,0,0,,2025-08-12T16:14:34.271356+00:00,5,1,-20.72326583694641
rvest,13,accidental,accidental,https://github.com/tidyverse/rvest,https://github.com/sdevine188/rvest,0,R,,2018-08-27T17:55:56Z,2019-10-22T20:19:50Z,0,0,,2025-08-12T16:14:34.271356+00:00,5,1,-20.72326583694641
rvest,13,accidental,accidental,https://github.com/tidyverse/rvest,https://github.com/BlackroseTian/rvest,0,R,,2017-08-22T08:07:33Z,2017-08-22T08:08:08Z,0,0,R,2025-08-12T16:14:34.271356+00:00,5,1,-20.72326583694641
rvest,13,accidental,accidental,https://github.com/tidyverse/rvest,https://github.com/adityapadala/rvest,0,R,,2016-10-16T17:20:12Z,2016-10-16T17:21:57Z,0,0,Webscraping using rvest and lexicon based sentiment analysis model,2025-08-12T16:14:34.271356+00:00,5,1,-20.72326583694641
rprojroot,2,official,nan,https://github.com/r-lib/rprojroot,https://github.com/r-lib/rprojroot,150,R,,2015-05-19T02:10:40Z,2025-08-04T07:29:44Z,24,4,Finding files in project subdirectories,2025-08-12T16:14:37.299347+00:00,9,1,-20.72326583694641
rprojroot,2,accidental,personal_mirror,https://github.com/r-lib/rprojroot,https://github.com/cran/rprojroot,0,R,,2016-03-26T21:04:35Z,2025-07-12T10:40:21Z,0,0,":exclamation: This is a read-only mirror of the CRAN R package repository.  rprojroot — Finding Files in Project Subdirectories. Homepage: https://rprojroot.r-lib.org/, https://github.com/r-lib/rprojroot  Report bugs for this package: https://github.com/r-lib/rprojroot/issues",2025-08-12T16:14:37.299347+00:00,9,1,-20.72326583694641
later,200,accidental,accidental,https://github.com/r-lib/later,https://github.com/hilgers-lab/LATER,6,R,rna-long-reads,2022-02-25T11:53:32Z,2024-12-09T10:43:31Z,3,4,Long-reads-based Alternative Termination Estimation and Recognition (LATER) ,2025-08-12T16:14:37.604611+00:00,5,1,-8.84371449851803
later,200,accidental,accidental,https://github.com/r-lib/later,https://github.com/kevinushey/later,21,R,,2015-11-01T00:26:04Z,2016-10-05T06:18:00Z,0,1,Scoped side-effects and events for R.,2025-08-12T16:14:37.604611+00:00,5,1,-8.84371449851803
later,200,accidental,accidental,https://github.com/r-lib/later,https://github.com/henfiber/later,1,R,,2017-03-01T13:46:26Z,2017-05-21T23:19:03Z,0,0,A Periodic Batch Processing Framework in R,2025-08-12T16:14:37.605653+00:00,5,1,-8.84371449851803
rematch,65,accidental,clone_or_imitation,https://github.com/gaborcsardi/rematch,https://github.com/MangoTheCat/rematch,24,R,,2016-04-20T11:48:48Z,2016-07-03T15:11:36Z,3,0,Match regular expressions with a nicer API,2025-08-12T16:15:18.285355+00:00,7,1,-14.509304443986148
rematch,65,accidental,personal_mirror,https://github.com/gaborcsardi/rematch,https://github.com/cran/rematch,0,R,,2016-04-21T06:23:39Z,2023-08-30T17:18:45Z,0,0,:exclamation: This is a read-only mirror of the CRAN R package repository.  rematch — Match Regular Expressions with a Nicer 'API'. Homepage: https://github.com/gaborcsardi/rematch  Report bugs for this package: https://github.com/gaborcsardi/rematch/issues,2025-08-12T16:15:18.285470+00:00,7,1,-14.509304443986148
cellranger,17,official,nan,https://github.com/rsheets/cellranger,https://github.com/rsheets/cellranger,51,R,,2015-04-20T17:51:58Z,2023-02-17T22:16:11Z,6,21,"Helper functions to work with spreadsheets and the ""A1:D10"" style of cell range specification ",2025-08-12T16:15:25.746467+00:00,10,1,-20.72326583694641
cellranger,17,accidental,personal_mirror,https://github.com/rsheets/cellranger,https://github.com/cran/cellranger,1,R,,2015-04-22T20:43:42Z,2016-07-27T01:22:36Z,1,0,:exclamation: This is a read-only mirror of the CRAN R package repository.  cellranger — Translate Spreadsheet Cell Ranges to Rows and Columns. Homepage: https://github.com/rsheets/cellranger  Report bugs for this package: https://github.com/rsheets/cellranger/issues,2025-08-12T16:15:25.746467+00:00,10,1,-20.72326583694641
googledrive,200,official,nan,https://github.com/tidyverse/googledrive,https://github.com/tidyverse/googledrive,329,R,"google-drive, r",2017-04-26T23:22:32Z,2025-08-12T13:58:52Z,46,46,Google Drive R API,2025-08-12T16:16:05.844312+00:00,11,1,-20.72326583694641
googledrive,200,accidental,personal_mirror,https://github.com/tidyverse/googledrive,https://github.com/cran/googledrive,0,R,,2017-08-28T22:04:34Z,2023-06-12T03:31:27Z,0,0,":exclamation: This is a read-only mirror of the CRAN R package repository.  googledrive — An Interface to Google Drive. Homepage: https://googledrive.tidyverse.org, https://github.com/tidyverse/googledrive  Report bugs for this package: https://github.com/tidyverse/googledrive/issues",2025-08-12T16:16:05.844312+00:00,11,1,-20.72326583694641
googledrive,200,accidental,accidental,https://github.com/tidyverse/googledrive,https://github.com/sdevine188/googledrive,0,R,,2021-01-15T18:38:16Z,2021-01-26T20:25:44Z,0,0,,2025-08-12T16:16:05.844608+00:00,11,1,-20.72326583694641
googledrive,200,accidental,accidental,https://github.com/tidyverse/googledrive,https://github.com/hairizuanbinnoorazman/googledrive,1,R,,2017-01-24T00:21:35Z,2017-05-05T17:38:58Z,0,1,R package that wraps the Googledrive API,2025-08-12T16:16:05.844608+00:00,11,1,-20.72326583694641
googlesheets4,5,official,nan,https://github.com/tidyverse/googlesheets4,https://github.com/tidyverse/googlesheets4,369,R,"google-drive, google-sheets, r, spreadsheet",2017-04-28T02:03:33Z,2025-08-12T11:21:46Z,52,37,Google Spreadsheets R API (reboot of the googlesheets package),2025-08-12T16:16:09.434372+00:00,13,1,-20.72326583694641
googlesheets4,5,accidental,clone_or_imitation,https://github.com/tidyverse/googlesheets4,https://github.com/Indie365/googlesheets4,0,R,,2025-04-22T02:40:02Z,2025-04-22T02:41:35Z,0,0,,2025-08-12T16:16:09.434372+00:00,13,1,-20.72326583694641
googlesheets4,5,accidental,personal_mirror,https://github.com/tidyverse/googlesheets4,https://github.com/cran/googlesheets4,0,R,,2020-01-27T22:15:40Z,2023-06-11T15:26:06Z,0,0,":exclamation: This is a read-only mirror of the CRAN R package repository.  googlesheets4 — Access Google Sheets using the Sheets API V4. Homepage: https://googlesheets4.tidyverse.org, https://github.com/tidyverse/googlesheets4  Report bugs for this package: https://github.com/tidyverse/googlesheets4/issues",2025-08-12T16:16:09.434372+00:00,13,1,-20.72326583694641
